name,true_sentiment,text,normalized_text,key_words
Слой х Вспышка,Positive,"Самая любимая кафешка на районе: вкуснейший кофе и выпечка, большой выбор красивых эклеров (дочь обожает и съедает по 2 штуки за раз😄). С удовольствием приходим сюда с друзьями, родными. Иногда тут бывает многовато людей и официанты бывают немного фрустрированы, но всегда очень внимательны и дружелюбны – при любой посадке про вас не забудут🤍",самый любимая кафешка район вкусный кофе выпечка большой выбор красивый эклер дочь обожать съедать штука удовольствие приходить сюда друг родные бывать многовато человек официант бывать немного фрустрировать очень внимательный дружелюбный любой посадка забывать,"[('самый любимая', np.float64(0.01813530724319174)), ('посадка забывать', np.float64(0.01813530724319174)), ('любимая кафешка', np.float64(0.03017914713307598)), ('кафешка район', np.float64(0.03017914713307598)), ('район вкусный', np.float64(0.03017914713307598))]"
Оливье Жиру,Negative,"Ну , вот добрался наконец и до вас 👌 Что можно сказать о качестве блюд домашней кухни , как было заявлено в рекламных буклетах и баннерах ,  Не дотягивает даже на троечку , по десятибалльной шкале , блюда при наличии микроволновых печей , всё равно остаются холодные  ! Качество мойки столовых приборов , ну может быть моют в туалетной комнате персонала в субботу , подали вилку с засохшем куском какой то субстанции  , попросил поменять , принесли практически  такую же , только субстанции меньше !  Со стороны кассы ,  персонала , и прилавка с кормом ( по другому я не могу это назвать ) постоянно кто то ходит , какой-то человек с длинными волосами , тут же его обгоняет мадам  в платке траурном из средней Азии  , и всё это происходит  рядом с кормом , который находится в доступности их бацил , волос , слюней и тд  .. По персоналу пройдусь отдельно ,  Натянутые улыбки , не первой свежести спец одежда  , какая то полубандана на головах , из которой торчат и падают , ВОЛОСЫ ( это общепит ребята , вы угораете ?)  Дверь входная , постоянно открыта , не имеете возможности поставить кондиционер в помещении ?? ( зачем тогда вы этим занимаетесь ?? )  Уборка отвратительная  , полы грязные , столы аналогично   ! Нет элементарных салфеток за столами , что бы протереть ваши немытые вилки , ножи , ложки !  Качество блюд не особо радует , потому , что попробовал их холодными ,  Драники у вас это плевок в душу поварскому искусству ,  Вообщем дегустация вашей кулинарии , получилась провальной , какая то 1000 рублей на заказанные позиции ,  и вы в топе моего чёрного списка  ! Даже не хочется оставлять вам шанс на реабилитацию 👌",добираться сказать качество блюдо домашний кухня заявлять рекламный буклет баннер дотягивать троечка десятибалльный шкала блюдо наличие микроволновый печь равный оставаться холодный качество мойка столовый прибор мочь мыть туалетный комната персонал суббота подавать вилка засыхать кусок субстанция попросить поменять приносить практически субстанция мало сторона касса персонал прилавок корм мочь называть постоянно ходить человек длинный волос оно обгонять мадам платок траурный средний азия весь происходить рядом корм который находиться доступность бацил волос слюни персонал проходиться отдельно натягивать улыбка первый свежесть спец одежда полубандана голова который торчать падать волос общепит ребята угорать дверь входной постоянно открывать иметь возможность поставлять кондиционер помещение заниматься уборка отвратительный пол грязный стол аналогично элементарный салфетка стол протирать ваш немытый вилка нож ложка качество блюдо особо радовать попробовать холодный драник плевок душа поварской искусство вообщий дегустация ваш кулинария получаться провальный рубль заказывать позиция топ черный список хотеться оставлять шанс реабилитация,"[('шанс реабилитация', np.float64(0.0127885633284781)), ('качество блюдо', np.float64(0.017795368747238756)), ('домашний кухня', np.float64(0.019115601909899672)), ('кухня заявлять', np.float64(0.019115601909899672)), ('заявлять рекламный', np.float64(0.019115601909899672))]"
BBQ kitchen,Positive,"Шикарное место, вкусно готовит, приятная атмосфера! Только официанты далеко не. Сразу обращают внимания",шикарный место вкусно готовить приятный атмосфера официант далеко сразу обращать внимание,"[('шикарный место', np.float64(0.04940384002065631)), ('обращать внимание', np.float64(0.04940384002065631)), ('место вкусно', np.float64(0.09700399286574239)), ('вкусно готовить', np.float64(0.09700399286574239)), ('готовить приятный', np.float64(0.09700399286574239))]"
Роща,Negative,"23.02.23 отмечали день рождение в Роще, столик заранее заказали на 17 часов. Была заказана сковорода с картошкой и мясом... Блюдо было приготовлено из мороженной картошки, она была сладкая, но ОЧЕНЬ шикарно сдобрено перцем. Также были заказаны шашлыки, люля и ароматные куриные крылышки... В 21 час пошли требовать где вышеперечисленные яства, но получили грубую брань, с дерзким переходом на ТЫ. Расчёт наверно был на то, что народ не трезвый и забудет про заказ. Но мы не забыли. Чтобы отделаться от нас, нам наконец принесли шашлыки, люля и крылышки, но все это тупо разбросали на две тарелки мясной кучей. В этом ассорти было уменьшено количество порции, ав общей массе этого не заметно, но мы все проверили... А музыка это отдельный разговор! Заказали песню, так даже имя не смог ведущий запомнить, хотя за весь вечер всего три заказа было. Стоимость 300 руб.!!! В Береге живая музыка и всего 200 руб.. Вывод:первый и последний раз в Роще. Еще:язык был не доварен, не жевался, а рыбная нарезка из старой рыбы. ",отмечать день рождение роща столик заранее заказывать час заказывать сковорода картошка мясо блюдо приготавливать мороженный картошка сладкий очень шикарно сдабривать перец также заказывать шашлык люля ароматный куриный крылышко час пойти требовать вышеперечисленный яство получать грубый брань дерзкий переход расчет наверно народ трезвый забывать заказ забывать отделываться приносить шашлык люля крылышко весь тупо разбрасывать тарелка мясной куча ассорти уменьшать количество порция ава общий масса заметно проверять музыка отдельный разговор заказывать песня имя смочь вести запоминать хотя весь вечер весь заказ стоимость руб берег живой музыка весь руб вывод первый последний роща язык доваривать жеваться рыбный нарезка старый рыба,"[('шашлык люля', np.float64(0.0067288457097339546)), ('старый рыба', np.float64(0.009859007320179481)), ('люля ароматный', np.float64(0.013600349565232225)), ('приносить шашлык', np.float64(0.013600349565232225)), ('столик заранее', np.float64(0.013744540466609615))]"
Караван,Positive,"Отличная база отдыха, часто с семьей отдыхаем здесь. Доброжелательный персонал. Хотелось бы оставить отельный отзыв про кафе, еда очень вкусная и по приятной цене. Так же в кафе можно приобрести домашние сыры, молоко и так далее.  Советую хоть раз посетить караван! ",отличный база отдых часто семья отдыхать доброжелательный персонал хотеться оставлять отельный отзыв кафе еда очень вкусный приятный цена кафе приобретать домашний сыр молоко далее советовать посещать караван,"[('отличный база', np.float64(0.01842270036858818)), ('посещать караван', np.float64(0.01842270036858818)), ('база отдых', np.float64(0.0306441008900016)), ('семья отдыхать', np.float64(0.0306441008900016)), ('отдыхать доброжелательный', np.float64(0.0306441008900016))]"
Альтаир,Positive,"Кафе не назовёшь, но столовая классная. Быстрое обслуживание, персонал хороший, вежливый. Еда вкусная, по цене приемлемо, короче твёрдая 5!",кафе называть столовая классный быстрый обслуживание персонал хороший вежливый еда вкусный цена приемлемый короче твердый,"[('кафе называть', np.float64(0.04940384002065631)), ('короче твердый', np.float64(0.04940384002065631)), ('называть столовая', np.float64(0.09700399286574239)), ('столовая классный', np.float64(0.09700399286574239)), ('классный быстрый', np.float64(0.09700399286574239))]"
BuuzaLove,Negative,Все равно не опубликуете мой отзыв. Но! Подали салат Цезарь с испорченными листьями салата. Позы были нормальными. Больше туда не зайду.,равный опубликовывать отзыв подавать салат цезарь испорченный лист салат поза нормальный туда зайти,"[('равный опубликовывать', np.float64(0.019943439662486344)), ('опубликовывать отзыв', np.float64(0.033100028790236186)), ('отзыв подавать', np.float64(0.033100028790236186)), ('цезарь испорченный', np.float64(0.033100028790236186)), ('испорченный лист', np.float64(0.033100028790236186))]"
Кавказская Пленница,Negative,"Давно хотели сходить в это заведение. Выбрали день рождения подруги, позвонили, нам положительно ответили. Собрались довольные, вызвали такси, и при входе в данное место огромное лицо ,с порога сообщило, что именно Вы сюда не зайдëте. Лично мы, потому что он так хочет и не вышли лицом. Это что было? Пьяные хари сновали туда, сюда. Но нам в грубой форме было отказано. Мы просто в шоке от этого вышибалы. Хотелось бы знать, почему такой отбор посетителей, и как стать прекрасными для Вашей забегаловки? Больше ни ногой, благо есть верный, добрый Шипр. Замечательно провели время. ",давно хотеть сходить заведение выбирать день рождение подруга позвонить положительно отвечать собираться довольный вызывать такси вход данный место огромный лицо порог сообщать именно сюда зайти лично хотеть выходить лицо пьяный харя сновать туда сюда грубый форма отказывать просто шок вышибала хотеться знать почему отбор посетитель становиться прекрасный ваш забегаловка нога благо верный добрый шипр замечательно проводить время,"[('сходить заведение', np.float64(0.030813241675512887)), ('заведение выбирать', np.float64(0.030813241675512887)), ('рождение подруга', np.float64(0.030813241675512887)), ('подруга позвонить', np.float64(0.030813241675512887)), ('позвонить положительно', np.float64(0.030813241675512887))]"
Махалино,Negative,"есть хорошая питьевая вода   за неё звезда. асфальтированная парковка, туалет бесплатный в помещении кафе. в кафе пища почему-то постоянно пересланная,есть можно. хлеб в открытом доступе,люди выходят после туалета или с улицы не помыв руки и лапают всё до чего дотягиваются.",хороший питьевой вода звезда асфальтировать парковка туалет бесплатный помещение кафе кафе пища постоянно пересылать хлеб открытый доступ человек выходить туалет улица помыть рука лапать дотягиваться,"[('хороший питьевой', np.float64(0.019943439662486344)), ('лапать дотягиваться', np.float64(0.019943439662486344)), ('питьевой вода', np.float64(0.033100028790236186)), ('вода звезда', np.float64(0.033100028790236186)), ('звезда асфальтировать', np.float64(0.033100028790236186))]"
Лесной театр фон Мекка,Positive,"Спасибо большое прекрасным людям, которые облагородили наше озеро! Тут проводятся разные мастер-классы, тематические вечера и концерты. Очень нравится это место🙏🏻",спасибо большой прекрасный человек который облагораживать наш озеро проводиться разный тематический вечер концерт очень нравиться место,"[('нравиться место', np.float64(0.04940384002065631)), ('большой прекрасный', np.float64(0.09700399286574239)), ('озеро проводиться', np.float64(0.09700399286574239)), ('проводиться разный', np.float64(0.09700399286574239)), ('разный тематический', np.float64(0.09700399286574239))]"
Чайхана,Negative,"Одно слово - отвратительно! Забежал по дороге купить плов. Внутри очень грязно, куда смотрит СЭС.? Приехал домой, открыл банку с пловом, а там один кусочек мяса на всю порцию за 200 р. По вкусу, это никакой не плов, это рис с сухой морковкой. Ещё более отвратительно, что хозяин был очень вежливый :""Посмотрите меню, оставьте отзыв"", а в результате плохая еда и ощущение, что тебя надули(подставьте любое бранное слово). И да, чек тоже не дали, повод для Налоговой заглянуть. В общем-не рекомендую! ",слово отвратительно забегать дорога купить плов внутри очень грязно смотреть сэс приезжать домой открывать банка плов кусочек мясо весь порция вкус никакой плов рис сухой морковка отвратительно хозяин очень вежливый посмотреть меню оставлять отзыв результат плохой еда ощущение надувать подставлять любой бранный слово чек давать повод налоговый заглядывать общий рекомендовать,"[('общий рекомендовать', np.float64(0.0122343457331296)), ('забегать дорога', np.float64(0.018302617227318158)), ('дорога купить', np.float64(0.018302617227318158)), ('грязно смотреть', np.float64(0.018302617227318158)), ('смотреть сэс', np.float64(0.018302617227318158))]"
Тайяки,Negative,"Буду вспоминать ужасный вкус лука ещё неделю, перебивает вкус всего в мире. Курица отвратительная, будто один жир жуешь. Свинина деревянная. Официанты суетные, помещение маленькое, мест мало. Повара почему-то без головных уборов и перчаток выходят с кухни. 0/10",вспоминать ужасный вкус лук неделя перебивать вкус мир курица отвратительный жир жевать свинина деревянный официант суетный помещение маленький место мало повар головной убор перчатка выходить кухня,"[('вспоминать ужасный', np.float64(0.01842270036858818)), ('выходить кухня', np.float64(0.01842270036858818)), ('лук неделя', np.float64(0.0306441008900016)), ('неделя перебивать', np.float64(0.0306441008900016)), ('мир курица', np.float64(0.0306441008900016))]"
Kaunis Paikka,Positive,"Замечательное место, спасло нас от голода по приезду в Сортавала, которая встретила нас холодом и дождем! Здесь вкусный завтрак и ужин. Прекрасные женщины, которые Вас обязательно накормят! Очень советую! Была с двумя детьми: 8 и 15 лет.",замечательный место спасать голод приезд сортавала который встречать холод дождь вкусный завтрак ужин прекрасный женщина который обязательно накормить очень советовать ребенок год,"[('замечательный место', np.float64(0.015380821171891606)), ('место спасать', np.float64(0.02570861714399338)), ('спасать голод', np.float64(0.02570861714399338)), ('голод приезд', np.float64(0.02570861714399338)), ('приезд сортавала', np.float64(0.02570861714399338))]"
Скалка,Positive,"Чисто, уютно, доброжелательно. Вкусные суточные щи. Вкусные пельмени, с большим количеством начинки и чесночным соусом. Рекомендуем к посещению))",чисто уютно доброжелательно вкусный суточный вкусный пельмень большой количество начинка чесночный соус рекомендовать посещение,"[('чисто уютно', np.float64(0.019567497468398285)), ('рекомендовать посещение', np.float64(0.019567497468398285)), ('уютно доброжелательно', np.float64(0.03249356950085711)), ('пельмень большой', np.float64(0.03249356950085711)), ('большой количество', np.float64(0.03249356950085711))]"
Кафе-музей мотоциклов Гонщик,Positive,"Прекрасное место, вежливый персонал. Вкусная кухня. Были с ребёнком все в восторге.",прекрасный место вежливый персонал вкусный кухня ребенок восторг,"[('прекрасный место', np.float64(0.04940384002065631)), ('ребенок восторг', np.float64(0.04940384002065631)), ('место вежливый', np.float64(0.09700399286574239)), ('вежливый персонал', np.float64(0.09700399286574239)), ('персонал вкусный', np.float64(0.09700399286574239))]"
Миска Баланса,Positive,"Отличное место для тех, кто предпочитает сбалансированное питание. Очень вкусные авторские напитки. Молочные коктейли вкусные и осень красивые. Атмосфера в кафе приятная, красивые картины. Ожидание недолгое, персонал приятный.",отличный место предпочитать сбалансированный питание очень вкусный авторский напиток молочная коктейль вкусный осень красивый атмосфера кафе приятный красивый картина ожидание недолгий персонал приятный,"[('отличный место', np.float64(0.0214058215833658)), ('место предпочитать', np.float64(0.03545507291993334)), ('предпочитать сбалансированный', np.float64(0.03545507291993334)), ('сбалансированный питание', np.float64(0.03545507291993334)), ('авторский напиток', np.float64(0.03545507291993334))]"
Вэлс-Сервис,Positive,Останавливаемся только в этом отеле когда едим на рыбалку. Кухня и номера хорошие. ,останавливаться отель рыбалка кухня номер хороший,"[('останавливаться отель', np.float64(0.04940384002065631)), ('номер хороший', np.float64(0.04940384002065631)), ('отель рыбалка', np.float64(0.09700399286574239)), ('рыбалка кухня', np.float64(0.09700399286574239)), ('кухня номер', np.float64(0.09700399286574239))]"
Соль и перец,Positive,"Вкусно и быстро, заказывали омлеты,кофе, сегдвич, обстановка комфортная, красиво всё, обслуживание приятное, а рядом магазин с пивком ещё открылся БирКрик в квадрате, так что всё нужное рядом 😄",вкусно быстро заказывать омлет кофе сегдвич обстановка комфортный красиво весь обслуживание приятный рядом магазин пивко открываться биркрик квадрат весь нужный рядом,"[('вкусно быстро', np.float64(0.015380821171891606)), ('быстро заказывать', np.float64(0.02570861714399338)), ('заказывать омлет', np.float64(0.02570861714399338)), ('омлет кофе', np.float64(0.02570861714399338)), ('кофе сегдвич', np.float64(0.02570861714399338))]"
Шаурма от Души!,Positive,Шаурма огонь! Готовят вкусно и быстро! Сочная! Рекомендую! ,шаурма огонь готовить вкусно быстро сочный рекомендовать,"[('шаурма огонь', np.float64(0.04940384002065631)), ('сочный рекомендовать', np.float64(0.04940384002065631)), ('огонь готовить', np.float64(0.09700399286574239)), ('готовить вкусно', np.float64(0.09700399286574239)), ('вкусно быстро', np.float64(0.09700399286574239))]"
Зам-зам,Negative,"Не вкусно, сам брезгую, там что либо себе покупать, покупал знакомым плов и салат попросили фу попались волосы черные  чуть не блеванули. Не доверяю таким забегаловкам кушайте дома .Не тратьте зря деньги ! Не заводите себе в организме глистов. Грязно не вкусно готовят как обычно лишь бы продать вам пойдёт,  туда больше не пойду может для юганска это нормально забегаловки. ",вкусно брезговать либо покупать покупать знакомый плов салат попросить попадаться волос черный блевануть доверять забегаловка кушать дом тратить зря деньги заводить организм глист грязно вкусно готовить обычно лишь продавать пойти туда пойти мочь юганск нормальный забегаловка,"[('брезговать либо', np.float64(0.034987023778306175)), ('знакомый плов', np.float64(0.034987023778306175)), ('плов салат', np.float64(0.034987023778306175)), ('салат попросить', np.float64(0.034987023778306175)), ('попросить попадаться', np.float64(0.034987023778306175))]"
Family Bistro,Positive,"Очень довольна! Это 10 из 10 по всем критериям! Основной фактор который я отмечу, свежо! Хорошая вентиляция пространства, это очень важно. Еда вкусная, без специфики, меню понятное, официант вежливая, заботливая. Музыкальное сопровождение в кафе спокойное классическое. Очень ждем открытия вашего кафе на севере города (конец комендантского проспекта желательно 😅)  Спасибо!",очень довольный весь критерий основной фактор который отмечать свежо хороший вентиляция пространство очень важный еда вкусный специфика меню понятный официант вежливый заботливый музыкальный сопровождение кафе спокойный классический очень ждать открытие ваш кафе север город конец комендантский проспект желательно спасибо,"[('критерий основной', np.float64(0.015937962197648495)), ('основной фактор', np.float64(0.015937962197648495)), ('отмечать свежо', np.float64(0.015937962197648495)), ('свежо хороший', np.float64(0.015937962197648495)), ('хороший вентиляция', np.float64(0.015937962197648495))]"
Море мясо,Positive,"Атмосферное заведение Хорошие официанты Заказывали шашлык, очень понравился , вкусно и сытно",атмосферный заведение хороший официант заказывать шашлык очень понравиться вкусно сытно,"[('атмосферный заведение', np.float64(0.04940384002065631)), ('вкусно сытно', np.float64(0.04940384002065631)), ('заведение хороший', np.float64(0.09700399286574239)), ('хороший официант', np.float64(0.09700399286574239)), ('официант заказывать', np.float64(0.09700399286574239))]"
Суши Лайф,Positive,"Пока нашла вход, стемнело, еще и местные не знают (молодежь), где такое заведение😀 По вкусу мои говорят, что самые бестовые суши😀",пока находить вход стемнеть местный знать молодежь заведение вкус говорить самый бестовый суша,"[('бестовый суша', np.float64(0.04940384002065631)), ('находить вход', np.float64(0.09700399286574239)), ('вход стемнеть', np.float64(0.09700399286574239)), ('стемнеть местный', np.float64(0.09700399286574239)), ('местный знать', np.float64(0.09700399286574239))]"
An Ngon,Positive,"Мы с Мужем фанаты вьетнамской кухни, а хорошее место очень сложно найти )))  Это чудесное место нашёл мой Муж, совершенно случайно, когда посещал ТЦ Мари и  ему понравилось как готовят, он естественно привёз мне на пробу!!! И мы сошлись в одном мнении, что готовят очень круто, будто оказались в самом Вьетнаме и сразу начали вспоминать отдых, местную еду... Эхххх...  Так так... Сейчас не про отдых, простите просто эта еда  реально круто приготовлена и сразу куча воспоминаний)))  Вообщем Муж еду из этого места всегда привозил домой, а тут я забрёла по делам в Тц и решила зайти и посмотреть, что да как.  Жалко, что место спрятано за другим кафе, но знающий без проблем его найдёт. Как только вы приехали на этаж, сразу прямо, проходите, где столики и придёте к нужному месту.  Встретил меня истинный Вьетнамец, был очень приветлив, правда он плохо дружит с русским языком, но для меня это не проблема.  Всё, что я хотела донести до него, я донесла и он всё отлично понял, я оплатила заказ, мне дали чек и сказали подождать 8 минут и будет готово (это очень круто, что ждать совсем немного).  Окинув взглядом их помещение я осталась довольной, чисто и опрятно, а Главное Очень Вкусно!!!!))))  И у них ещё есть Яндекс Доставка, что очень удобно!!!  Советую посетить и попробовать!!!",муж фанат вьетнамский кухня хороший место очень сложно находить чудесный место находить муж совершенно случайно посещать мари понравиться готовить естественно привозить проба сходиться мнение готовить очень круто оказываться самый вьетнам сразу начинать вспоминать отдых местный еда эхххх отдых прощать просто еда реально круто приготавливать сразу куча воспоминание вообщий муж ехать место привозить домой забредать дело решать зайти посмотреть жалко место спрятать кафе знать проблема находить приезжать этаж сразу прямо проходить столик прийти нужный место встречать истинный вьетнамец очень приветливый правда плохо дружить русский язык проблема хотеть доносить доносить отлично понимать оплачивать заказ давать чек сказать подождать минута готовый очень круто ждать немного окидывать взгляд помещение оставаться довольный чисто опрятно главное очень вкусно яндекс доставка очень удобный советовать посещать попробовать,"[('посещать попробовать', np.float64(0.00857343884386136)), ('фанат вьетнамский', np.float64(0.009626533789232575)), ('вьетнамский кухня', np.float64(0.009626533789232575)), ('кухня хороший', np.float64(0.009626533789232575)), ('совершенно случайно', np.float64(0.009626533789232575))]"
Кафе,Positive,"Нормальная еда, готовят относительно быстро. Достаточно уютно, есть приличный туалет. Были группой 15 человек, все довольны. Хороший вариант для остановки в пути.",нормальный еда готовить относительно быстро достаточно уютно приличный туалет группа человек довольный хороший вариант остановка путь,"[('нормальный еда', np.float64(0.04940384002065631)), ('остановка путь', np.float64(0.04940384002065631)), ('еда готовить', np.float64(0.09700399286574239)), ('готовить относительно', np.float64(0.09700399286574239)), ('относительно быстро', np.float64(0.09700399286574239))]"
Чудесный горшочек,Positive,"Обожаю это место, пару лет уже точно постоянно берем здесь молочный чай с тапиокой и жареный тофу. Брали популярный чай с медведем, тоже вкусный и очень инстаграмный ☺️  Само место тоже приятное, чистенькое, небольшое и уютное.  Очень советую!",обожать место пара год точно постоянно брать молочный чай тапиока жареный тоф брать популярный чай медведь вкусный очень инстаграмный место приятный чистенький небольшой уютный очень советовать,"[('обожать место', np.float64(0.03103275709068186)), ('точно постоянно', np.float64(0.035212907523493216)), ('тапиока жареный', np.float64(0.035212907523493216)), ('жареный тоф', np.float64(0.035212907523493216)), ('медведь вкусный', np.float64(0.035212907523493216))]"
Харчевня Жасмин,Positive,"Шикарная кухня. Пробовали пельмени, дети и жена остались очень довольны. Порции очень достойные. Рекоменуем.",шикарный кухня пробовать пельмень ребенок жена оставаться очень довольный порция очень достойный рекоменовать,"[('шикарный кухня', np.float64(0.015380821171891606)), ('достойный рекоменовать', np.float64(0.015380821171891606)), ('кухня пробовать', np.float64(0.02570861714399338)), ('пробовать пельмень', np.float64(0.02570861714399338)), ('пельмень ребенок', np.float64(0.02570861714399338))]"
Грузинский дом,Positive,"Вкусная еда, душевная атмосфера, грузинская музыка) из минусов: дорогое и крайне невкусное пиво. Люблю хинкали с пивом, отличное сочетание, но не в этом случае ... Уважаемый владелец: закупите пожалуйста хорошего пива))",вкусный еда душевный атмосфера грузинский музыка минус дорогой крайне невкусный пиво любить хинкали пиво отличный сочетание случай уважаемый владелец закупать пожалуйста хороший пиво,"[('вкусный еда', np.float64(0.012721471060375576)), ('еда душевный', np.float64(0.01901723359114554)), ('душевный атмосфера', np.float64(0.01901723359114554)), ('атмосфера грузинский', np.float64(0.01901723359114554)), ('грузинский музыка', np.float64(0.01901723359114554))]"
CHICKO,Positive,"Все очень вкусно 👍 Еда на уровне, особенно корндоги класс :D оч круто тут почиллить после рабочего дня вечерком) персонал добродушный и отзывчивый, особенно Маша 🥰 ",очень вкусно еда уровень особенно корндоги класс круто почиллить рабочий день вечерок персонал добродушный отзывчивый особенно маша,"[('вкусно еда', np.float64(0.02570861714399338)), ('еда уровень', np.float64(0.02570861714399338)), ('корндоги класс', np.float64(0.02570861714399338)), ('класс круто', np.float64(0.02570861714399338)), ('круто почиллить', np.float64(0.02570861714399338))]"
Соус,Positive,Еда была вкусная продукты свежие очень понравился сервис    ,еда вкусный продукт свежий очень понравиться сервис,"[('еда вкусный', np.float64(0.04940384002065631)), ('понравиться сервис', np.float64(0.04940384002065631)), ('вкусный продукт', np.float64(0.09700399286574239)), ('продукт свежий', np.float64(0.09700399286574239)), ('еда', np.float64(0.15831692877998726))]"
Рагин Бор,Negative,"До последнего времени кофе было одним из любимых. Обязательно останавливались там, когда ехали в Санкт-Петербург. Но последний раз нас ждал сюрприз. Ехали 17 июля 2023, остановились как всегда, хотели перекусить.  Почему-то кафе работало только за наличный расчёт. Карты, переводы не принимались. За кассой молодой человек, лет 16, что, мягко говоря, удивило. Зашли в туалет - грязь невообразимая, некуда ступить. Пришлось обедать в другом месте. Разочарованы. ",последний время кофе любимый обязательно останавливаться ехать последний ждать сюрприз ехать июль останавливаться хотеть перекусить кафе работать наличный расчет карта перевод приниматься касса молодой человек год мягко говорить удивлять зайти туалет грязь невообразимый некуда ступать приходиться обедать место разочаровывать,"[('место разочаровывать', np.float64(0.020015945147273635)), ('кофе любимый', np.float64(0.03321694296690649)), ('любимый обязательно', np.float64(0.03321694296690649)), ('ждать сюрприз', np.float64(0.03321694296690649)), ('перекусить кафе', np.float64(0.03321694296690649))]"
Грильяж,Positive,"Неожиданно превосходная кухня и приятный интерьер.  Обслуживание на высоте. Были компанией из 6 человек. Картошка по деревенски - чумовая. Лучшая в моей жизни. Салат греческий, пельмешки и котлета по киевски - все очень понравилось.",неожиданно превосходный кухня приятный интерьер обслуживание высота компания человек картошка деревенский чумовая хороший жизнь салат греческий пельмешек котлета киевский весь очень понравиться,"[('неожиданно превосходный', np.float64(0.04940384002065631)), ('превосходный кухня', np.float64(0.09700399286574239)), ('кухня приятный', np.float64(0.09700399286574239)), ('приятный интерьер', np.float64(0.09700399286574239)), ('интерьер обслуживание', np.float64(0.09700399286574239))]"
Встреча,Positive,"Прекрасное помещение,отличная еда,необходимо нашему городу для проведения различных мероприятий,включая свадьбы,юбилеи и т.д.персонал вежливый",прекрасный помещение отличный еда необходимо наш город проведение различный мероприятие включая свадьба юбилей персонал вежливый,"[('прекрасный помещение', np.float64(0.04940384002065631)), ('персонал вежливый', np.float64(0.04940384002065631)), ('помещение отличный', np.float64(0.09700399286574239)), ('отличный еда', np.float64(0.09700399286574239)), ('еда необходимо', np.float64(0.09700399286574239))]"
Кафе the Best,Negative,"Были  на поминках. Это второй раз, там же были и поминки на похороны. Это просто помои в разношерстные, разных диаметров тарелки. Заветренные тарталетки с блевоткой. Как будто, что то пережевали или вырвало персонал и в корзиночки положили . Окрошка, как желе, типа холодец, ложка стояла. Гречка не мытая, поэтому мусор, который при промывке всплывает, находится посередине порционной тарелки. Хлебницы, виноградницы отдельная история. Может хлеб то был и вкусный, но подача в этих чудо тарелках не позволила мне его попробовать. Всё было настолько невкусно, что даже пробило на отзыв.    После поминок покушали дома. Девочки, а может технологические карты в помощь или сменить продукты или поваров. Но что то необходимо поменять. Мрачное заведение навевало больше ужас, чем грусть по умершему. Цену незнаю. Надеюсь не дорого. Они подняли мою самооценку. Я умею готовить!, до сегодня  думала, что не очень. Сожалею о знакомстве с завелением . Какое то унижение было смотреть на помои, как их кушали под винишко. Пробовала пить, не зашло, закуска отвращала.  Возможно цена настолько низкая, что люди готовы оплачивать эти помои, а умершему уже всё ровно. У меня есть фото, но оно не передаст этот гнилостный запах, да и телефон неплохой, фудфото делает красивыми. ",поминки второй поминки похороны просто помои разношерстный разный диаметр тарелка заветренный тарталетка блевотка пережевывать вырывать персонал корзиночка полагать окрошка желе тип холодец ложка стоять гречка мытый поэтому мусор который промывка всплывать находиться посередине порционный тарелка хлебница виноградница отдельный история мочь хлеб вкусный подача чудо тарелка позволять попробовать настолько невкусно пробивать отзыв поминки покушать дома девочка технологический карта помощь сменить продукт повар необходимо поменять мрачный заведение навевать ужас грусть умерший цена незнать надеяться дорого подымать самооценка уметь готовить сегодня думать очень сожалеть знакомство завеление унижение смотреть помои кушать винишко пробовать пить зайти закуска отвращать возможно цена настолько низкий человек готовый оплачивать помои умерший ровно фото оно передавать гнилостный запах телефон неплохой фудфото делать красивый,"[('делать красивый', np.float64(0.012392201377461167)), ('разношерстный разный', np.float64(0.018534272200925978)), ('разный диаметр', np.float64(0.018534272200925978)), ('заветренный тарталетка', np.float64(0.018534272200925978)), ('тарталетка блевотка', np.float64(0.018534272200925978))]"
Грузинский дом,Negative,"Зашли перекусить в обеденное время,были разочарованы,кухня может и неплохая, но обслуживание... администратор и официант работает недавно и не знает что делать с гостями от слова совсем,очень жаль, видно,что уборка давно не проводилась, даже рассчитать нас не могли с первого раза.",зайти перекусить обеденный время разочаровывать кухня неплохой обслуживание администратор официант работать недавно знать делать гость слово очень жаль видно уборка давно проводиться рассчитать мочь первый,"[('зайти перекусить', np.float64(0.04940384002065631)), ('перекусить обеденный', np.float64(0.09700399286574239)), ('разочаровывать кухня', np.float64(0.09700399286574239)), ('кухня неплохой', np.float64(0.09700399286574239)), ('неплохой обслуживание', np.float64(0.09700399286574239))]"
Кофетория,Positive,"Очень уютное заведение , вкусный кофе , советую Карибский кофе , эспрессо с нотками Рома очень клёво сочитаються !) Официант Эльвира очень приветлива ) Спасибо большое)💋❤️",очень уютный заведение вкусный кофе советовать карибский кофе эспрессо нотка ром очень клевый сочитаються официант эльвира очень приветливый спасибо большой,"[('уютный заведение', np.float64(0.01699230896173741)), ('заведение вкусный', np.float64(0.01699230896173741)), ('советовать карибский', np.float64(0.01699230896173741)), ('эспрессо нотка', np.float64(0.01699230896173741)), ('нотка ром', np.float64(0.01699230896173741))]"
ВкусВилл Айс,Negative,"Обучите своих сотрудников корректному общению! Нечасто сталкиваюсь с хамством,но тут уже не впервые раз. Отвратительное отношение продавцов.",обучать свой сотрудник корректный общение нечасто сталкиваться хамство впервые отвратительный отношение продавец,"[('обучать свой', np.float64(0.04940384002065631)), ('отношение продавец', np.float64(0.04940384002065631)), ('свой сотрудник', np.float64(0.09700399286574239)), ('сотрудник корректный', np.float64(0.09700399286574239)), ('корректный общение', np.float64(0.09700399286574239))]"
Иверия,Negative,"Был в этом кафе много раз, правда последний раз был около 5 лет назад. Все было на высшем уровне еда,цены,обслуживание,НО вчерашний вечер все перевернул!!!! Зал был абсолютно пустой, шашлык приготовлен не понятно на чем, но точно не на углях, типа во фритюре или газовом гриле, практически все блюда не соленые, меню вызвало восторг, обычные тетрадные листочки в клеточку на которых от руки написаны блюда.. УЖАС!!!! Но самого главное поразило что при все при этом что мы были одни взале нас ещё и хотели обмануть на 1600!!!! Что мы заказывали и они на каждое блюдо накинули по 200р а на шашлык и того больше 1000..  Вообщем не знаю что стало с этим кафе, но теперь понятно. Почему там не кого нет и гостей...",кафе правда последний около год назад весь высокий уровень еда цена обслуживание вчерашний вечер весь перевертывать зал абсолютно пустой шашлык приготавливать понятно точно уголь тип фритюр газовый гриль практически весь блюдо соленый меню вызывать восторг обычный тетрадный листочек клеточка который рука написать блюдо ужас главное поражать взал хотеть обманывать заказывать каждый блюдо накинуть шашлык вообщий знать становиться кафе понятно почему гость,"[('правда последний', np.float64(0.018558289805484032)), ('высокий уровень', np.float64(0.018558289805484032)), ('уровень еда', np.float64(0.018558289805484032)), ('еда цена', np.float64(0.018558289805484032)), ('цена обслуживание', np.float64(0.018558289805484032))]"
Хинкальная № 1,Positive,"Второй раз посещаем это место, очень нравится, ещё и с собой берём. Что можно выделить это наивкуснейшая кухня, ну и приветливый персонал.",второй посещать место очень нравиться брать выделять вкусный кухня приветливый персонал,"[('приветливый персонал', np.float64(0.04940384002065631)), ('посещать место', np.float64(0.09700399286574239)), ('нравиться брать', np.float64(0.09700399286574239)), ('брать выделять', np.float64(0.09700399286574239)), ('выделять вкусный', np.float64(0.09700399286574239))]"
Я люблю хинкали,Negative,"Помещение некомфортное, странно пахнет вокруг, официант милая, но без формы. Заказывали хинкали, готовили очень долго, но в целом по вкусу нормальные. Десерты маленькие, своей цены не оправдывают. В центре за эти цены можно намного лучше поесть в более приятной обстановке. Не советую. ",помещение некомфортный странно пахнуть вокруг официант милый форма заказывать хинкали готовить очень долго целое вкус нормальный десерт маленький свой цена оправдывать центр цена намного поесть приятный обстановка советовать,"[('помещение некомфортный', np.float64(0.01842270036858818)), ('обстановка советовать', np.float64(0.01842270036858818)), ('некомфортный странно', np.float64(0.0306441008900016)), ('странно пахнуть', np.float64(0.0306441008900016)), ('официант милый', np.float64(0.0306441008900016))]"
Качели,Negative,"Была вчера в этом кафе. Взяла картошку пюре, и пирожок с чаем. Порция очень маленькая. На вкус пюре оказалась кислое. Но была голодная и торопилась. Вечером начало крутить живот, растройство кишечника, и сегодня продолжение. Никому не рекомендую. ",вчера кафе взять картошка пюре пирожок чай порция очень маленький вкус пюре оказываться кислый голодный торопиться вечер начинать крутить живот растройство кишечник сегодня продолжение никто рекомендовать,"[('вчера кафе', np.float64(0.018491282433885956)), ('никто рекомендовать', np.float64(0.018491282433885956)), ('кафе взять', np.float64(0.030755015531692964)), ('взять картошка', np.float64(0.030755015531692964)), ('пирожок чай', np.float64(0.030755015531692964))]"
Русский двор,Negative,"Вечером в воскресенье посетили летнюю площадку в кафе ""Русский двор"" Ранее уже были там, пробовали грузинскую кухню - хинкали, хачапури, чебуреки. Что сказать, это было разочарование. Грузинского в еде ничего нет, кроме названия, мало специй, всё пресное.  В этот раз решили дать второй шанс и попробовать дранбургеры. Это катастрофа. С привлекательным фото в меню эта ""еда"" не имеет ничего общего. Красивые и пышные драники, сочный говяжий бифштекс, свежий томат, красный лук... Ничего этого вы здесь не получите. Серая картофельная лужа, нечто непонятное из перемолотых субпродуктов коричневого цвета, шкурки от томата, невнятный соус. Всё это искусно подогрето в микроволновке.  Очень жаль, что вы не уважаете своих гостей и продаете им такую гадкую еду.  Обслуживание оставляет желать лучшего, недовольные и кислые лица кассиров, сразу дают понять, что вам тут не рады.",вечер воскресение посещать летний площадка кафе русский двор ранее пробовать грузинский кухня хинкали хачапури чебурек сказать разочарование грузинский еда ничто кроме название мало специя пресный решать давать второй шанс попробовать дранбургер катастрофа привлекательный фото меню еда иметь ничто общий красивый пышный драник сочный говяжий бифштекс свежий томат красный лук ничто получать серый картофельный лужа нечто непонятный перемалывать субпродукт коричневый цвет шкурка томат невнятный соус весь искусный подогревать микроволновка очень жаль уважать свой гость продавать гадкий еда обслуживание оставлять желать хороший недовольный кислый лицо кассир сразу давать понимать рад,"[('вечер воскресение', np.float64(0.012317505626242304)), ('понимать рад', np.float64(0.012317505626242304)), ('воскресение посещать', np.float64(0.01842466491439567)), ('посещать летний', np.float64(0.01842466491439567)), ('летний площадка', np.float64(0.01842466491439567))]"
Хата Казака,Positive,"Всегда любил хату казака, рекомендую, отличная кухня, национальный колорит, приятная атмосфера, в окна видно море) и живописный ландшафт.",любить хата казак рекомендовать отличный кухня национальный колорит приятный атмосфера окно видно море живописный ландшафт,"[('любить хата', np.float64(0.04940384002065631)), ('живописный ландшафт', np.float64(0.04940384002065631)), ('хата казак', np.float64(0.09700399286574239)), ('казак рекомендовать', np.float64(0.09700399286574239)), ('рекомендовать отличный', np.float64(0.09700399286574239))]"
Хинкальная,Negative,"Ужаснейшее место в котором когда-либо был. 1. Обслуживание: ужаснейшее, официант грубит, ничего не знает по меню, по типу сами думайте, что заказывать, на удачу 2. Кухня: нет правильности подачи и еда либо обгоревшая, либо сырая. Принесли люля-кебаб сырое и недосоленное-пресное из Хвостов и палок. Потом принесли салат Цезарь, в котором куриное мясо обгоревшее, как будто угольки принесли. Обычная забегаловка без сервиса и вкуса еды. Советую обходить это место стороной.",ужасный место который обслуживание ужасный официант грубить ничто знать меню тип думать заказывать удача кухня правильность подача еда либо обгорать либо сырой приносить сырой недосаливать пресный хвост палка приносить салат цезарь который куриный мясо обгорать уголек приносить обычный забегаловка сервис вкус еда советовать обходить место сторона,"[('место сторона', np.float64(0.01847606925601083)), ('официант грубить', np.float64(0.020359533472414076)), ('грубить ничто', np.float64(0.020359533472414076)), ('ничто знать', np.float64(0.020359533472414076)), ('знать меню', np.float64(0.020359533472414076))]"
Грузинский дом,Negative,И сервис и еда - все ниже плинтуса. От грузинского - одно наименование.  Недоваренная начинка в хинкали. Винной карты нет. Блюда все пересоленные.  Не советую к посещению никому категорически пока не исправят ситуацию. Забегаловка в центре города.,сервис еда ниже плинтус грузинский наименование недоваривать начинка хинкали винный карта блюдо весь пересолить советовать посещение никто категорически пока исправлять ситуация забегаловка центр город,"[('сервис еда', np.float64(0.04940384002065631)), ('центр город', np.float64(0.04940384002065631)), ('плинтус грузинский', np.float64(0.09700399286574239)), ('грузинский наименование', np.float64(0.09700399286574239)), ('наименование недоваривать', np.float64(0.09700399286574239))]"
Пирс,Negative,"Первый раз пробовала шашлык со вкусом колбасы, это ужасно, даже не думала, что можно сделать такой невкусный шашлык. Чебурек был не лучше. Обычно, если мясо не очень , можно вкусное тесто чебуречное поесть. В этом заведении не повезло ни с фаршем в чебуреке, ни с тестом... На кафе не тянет, есть там нечего. Пивнушка, рюмочная .  ",первый пробовать шашлык вкус колбаса ужасно думать сделать невкусный шашлык чебурек хороший обычно мясо очень вкусный тесто чебуречный поесть заведение везти фарш чебурек тест кафе тянуть нечего пивнушка рюмочный,"[('пивнушка рюмочный', np.float64(0.019743941211743603)), ('вкус колбаса', np.float64(0.03277825745301808)), ('колбаса ужасно', np.float64(0.03277825745301808)), ('ужасно думать', np.float64(0.03277825745301808)), ('думать сделать', np.float64(0.03277825745301808))]"
Salad Cafe,Negative,"Живем на Древлянке и у нас двое детей, по этой причине мы вбираем кафе и рестораны с детской зоной и недалеко от дома. В этом кафе были не в первый раз.  7 марта днем позвонил и резервировать столик для 4х взрослых и двух детей на 8 марта. Сотрудник принял резерв. Я попросил столик у окна, ответили , что будут в назначенное время ждать.  Мы пришли в указанное время, зашли в кафе,  за барной стойкой молодой человек спросил резервировали ли мы место, и на чье имя? Услышав имя сделал гримасу и сказал, что должны были предупредить, что место по факту.  В зале был свободен столик у окна и в центре зала. Я спросил, можно ли сесть за свободный столик у окна. В ответ услышал, что столик зарезервирован. Я ответил, что мы тоже резервировали столик на это время. В ответ грубо прозвучало, что для нас есть место только в центре зала.  С детьми этот вариант не приемлем.  На пришлось уйти. И понятно, что в 16:00 8 марта свободных мест в других кафе и ресторанах с детской зоной нам не найти.  Мы прекрасно провели время дома, выручила доставка из ближайшей шашлычной.  Но такого наплевательского отношения к клиентам, когда вокруг такая конкуренция, я давно не встречал.   Заведение не заслуживает доверия. Если не хотите разочарований и испорченного дня не рассчитывайте на это заведение.   Всех женщин от всего сердца поздравляю с 8 марта! Желаю прекрасно провести вечер без разочарований)",жить древлянка двое ребенок причина вбирать кафе ресторан детский зона недалеко дом кафе первый марта день позвонить резервировать столик взрослый ребенок март сотрудник принимать резерв попросить столик окно отвечать назначать время ждать приходить указанный время зайти кафе барный стойка молодой человек спрашивать резервировать место чей имя услышать имя сделать гримаса сказать должный предупреждать место факт зал свободный столик окно центр зал спрашивать садиться свободный столик окно ответ услышать столик зарезервировать отвечать резервировать столик время ответ грубо прозвучать место центр зал ребенок вариант приемлемый приходиться уходить понятно март свободный место кафе ресторан детский зона находить прекрасно проводить время дома выручать доставка близкий шашлычная наплевательский отношение клиент вокруг конкуренция давно встречать заведение заслуживать доверие хотеть разочарование испорченный день рассчитывать заведение весь женщина весь сердце поздравлять март желать прекрасно проводить вечер разочарование,"[('ресторан детский', np.float64(0.0034629593846884263)), ('детский зона', np.float64(0.0042954278263749954)), ('столик окно', np.float64(0.004392178140635865)), ('кафе ресторан', np.float64(0.0059011611072354595)), ('центр зал', np.float64(0.006348680866635302))]"
Фрекен Бок,Positive,"Замечательное уютное кафе. Прекрасная атмосфера, авторские блюда. Отличный кофе и домашний уют. Только желательно бронировать столик заранее, часто все места заняты. ",замечательный уютный кафе прекрасный атмосфера авторский блюдо отличный кофе домашний уют желательно бронировать столик заранее часто весь место занимать,"[('замечательный уютный', np.float64(0.04940384002065631)), ('место занимать', np.float64(0.04940384002065631)), ('уютный кафе', np.float64(0.09700399286574239)), ('кафе прекрасный', np.float64(0.09700399286574239)), ('прекрасный атмосфера', np.float64(0.09700399286574239))]"
Ля Гурмэ,Negative,"Не рекомендую! Подают суррогат, а не кофе.  Отношение хамское.  Заказали кофе по-восточному в турке, флет уайт и десерты. Флет уайт пить оказалось невозможно- подошла к кассе, спросила не из автомата ли кофе. Они ответили - а вы думали, я его вручную делаю. 🤦‍♀️ В общем кофе, которому красная цена 50₽. Меренга тоже невкусная.    В дополнение ко всему - уборная комната, где даже дверь не закрывается.  Всё грязное.   В общем красивый фасад, но обслуживание и качество блюд ужасное. ",рекомендовать подавать суррогат кофе отношение хамский заказывать кофе восточный турок флет уайт десерт флет уайт пить оказываться невозможно подходить касса спрашивать автомат кофе отвечать думать вручную делать общий кофе который красный цена меренга невкусный дополнение уборная комната дверь закрываться весь грязный общий красивый фасад обслуживание качество блюдо ужасный,"[('флет уайт', np.float64(0.0068318204382462125)), ('рекомендовать подавать', np.float64(0.009963934404266307)), ('блюдо ужасный', np.float64(0.009963934404266307)), ('турок флет', np.float64(0.01377570877155058)), ('уайт десерт', np.float64(0.01377570877155058))]"
Понаехали,Positive,"Вкусно, доброжелательный персонал, невысокие цены, грузинская кухня в основном. Без пафоса, просто вкусно поесть.",вкусно доброжелательный персонал невысокий цена грузинский кухня основной пафос просто вкусно поесть,"[('вкусно поесть', np.float64(0.029227395770283462)), ('доброжелательный персонал', np.float64(0.03346752176983843)), ('персонал невысокий', np.float64(0.03346752176983843)), ('невысокий цена', np.float64(0.03346752176983843)), ('цена грузинский', np.float64(0.03346752176983843))]"
Торнадо,Negative,"Музыка живая есть, но в связи с событиями не ставят композиции затрагивающие тему СВО и патриотизма, считаю это неправильным.",музыка живой связь событие ставить композиция затрагивать тема сво патриотизм считать неправильный,"[('музыка живой', np.float64(0.04940384002065631)), ('считать неправильный', np.float64(0.04940384002065631)), ('живой связь', np.float64(0.09700399286574239)), ('связь событие', np.float64(0.09700399286574239)), ('событие ставить', np.float64(0.09700399286574239))]"
Кафе 190 км,Negative,"Очень плохое место обслуживание посетителей очень грубое , не советую",очень плохой место обслуживание посетитель очень грубый советовать,"[('грубый советовать', np.float64(0.015380821171891606)), ('плохой место', np.float64(0.02570861714399338)), ('место обслуживание', np.float64(0.02570861714399338)), ('обслуживание посетитель', np.float64(0.02570861714399338)), ('советовать', np.float64(0.09568045026443411))]"
Деревяшка,Negative,"Почему-то популярно среди жителей города. Обслуживание нулевое, каждый сезон набираются неопытные молодые люди. Всегда липкие деревянные столы и нечистый пол. Блюда из переза мороженных  или низкосортных продуктов. Если кто-либо из посетителей решается на замечание, то  в основном от работников следует реакция безразличия, иной раз и откровенной грубости.  Кафе продувается всеми ветрами, поэтому неуютное, звук телевизора настолько громок, что отсутствует возможность общения.  Отдельное смешное помещение туалета напоминает карточный домик. Уровень точки соцпитания не заслуживает даже одного балла.",популярно среди житель город обслуживание нулевой каждый сезон набираться неопытный молодой человек липкий деревянный стол нечистый пол блюдо перез мороженный низкосортный продукт посетитель решаться замечание основной работник следовать реакция безразличие иной откровенный грубость кафе продуваться весь ветер поэтому неуютный звук телевизор настолько громкий отсутствовать возможность общение отдельный смешной помещение туалет напоминать карточный домик уровень точка соцпитание заслуживать балл,"[('популярно среди', np.float64(0.04940384002065631)), ('заслуживать балл', np.float64(0.04940384002065631)), ('среди житель', np.float64(0.09700399286574239)), ('житель город', np.float64(0.09700399286574239)), ('город обслуживание', np.float64(0.09700399286574239))]"
Nicepricecafe,Negative,"Если готовы ожидать около часа свой заказ , то можете смело приходить в это заведение. Заказ свой ожидали 55 минут . И то , если бы не подошла к администратору , то наверное так и не дождалась бы своего заказа . Такие же проблемы были и у людей за соседними столиками.  Еда посредственная ( никому не советую заказывать роллы , исполнение ужасное как и сам вкус). Если нравится сидеть в тесноте с незнакомыми людьми , то вам однозначно сюда .  Если вам попадётся тарелка без скола, то вам несказанно повезло .  Официанты без печаток подают блюдо , и на тарелке остаются отпечатки пальцев ( согласитесь мало приятного видеть как официант сначала берет грязную посуду со столов , потом протирает стол , а потом этими же руками отдаёт вам блюдо).  Единственный плюс это демократичные цены , но даже этот плюс не перекрывает все остальные минусы .  В общем категорически не советую посещать данное заведение!",готовый ожидать около час свой заказ мочь смело приходить заведение заказ свой ожидать минута подходить администратор наверное дождаться свой заказ проблема человек соседний столик еда посредственный никто советовать заказывать ролл исполнение ужасный вкус нравиться сидеть теснота незнакомый человек однозначно сюда попадаться тарелка скол несказанный везти официант печатка подавать блюдо тарелка оставаться отпечаток палец соглашаться мало приятный видеть официант сначала брать грязный посуда стол протирать стол рука отдавать блюдо единственный плюс демократичный цена плюс перекрывать весь остальной минус общий категорически советовать посещать данный заведение,"[('готовый ожидать', np.float64(0.018051095449377868)), ('свой заказ', np.float64(0.019107872202773837)), ('смело приходить', np.float64(0.019972084135923673)), ('минута подходить', np.float64(0.019972084135923673)), ('подходить администратор', np.float64(0.019972084135923673))]"
Воронцовский дворик,Negative,"Кафе вроде есть, но закрыто. Надеялись покушать заехать. Но причину, так и не узнали. Хотя бы на двери написали, что то. Расписание есть, а дверь закрыта. Непорядок.",кафе вроде закрывать надеяться покушать заезжать причина узнавать хотя дверь написать расписание дверь закрывать непорядок,"[('кафе вроде', np.float64(0.021567786782198985)), ('закрывать непорядок', np.float64(0.031557281947372486)), ('надеяться покушать', np.float64(0.035715520099333646)), ('покушать заезжать', np.float64(0.035715520099333646)), ('заезжать причина', np.float64(0.035715520099333646))]"
Клим,Positive,"Очень вкусно, красиво. Детям понравилось",очень вкусно красивый ребенок понравиться,"[('ребенок понравиться', np.float64(0.04940384002065631)), ('вкусно красивый', np.float64(0.09700399286574239)), ('красивый ребенок', np.float64(0.09700399286574239)), ('понравиться', np.float64(0.15831692877998726)), ('вкусно', np.float64(0.29736558256021506))]"
Чебуречная,Negative,"Начитавшись отличных отзывов, планировали, путешествуя по Старице, обязательно зайти в это место. И каково же было удивление, что Чебуречная в выходные (субботу и воскресенье) не работает... прямо разочарование, причём никто про это не писал в отзывах. Очень странно, что в самые, казалось бы, прибыльные дни заведение закрыто...",начитываться отличный отзыв планировать путешествовать старица обязательно зайти место каков удивление чебуречная выходной суббота воскресение работать прямо разочарование причем никто писать отзыв очень странно самый казаться прибыльный день заведение закрывать,"[('начитываться отличный', np.float64(0.018240539904976663)), ('заведение закрывать', np.float64(0.018240539904976663)), ('планировать путешествовать', np.float64(0.030349427098123015)), ('путешествовать старица', np.float64(0.030349427098123015)), ('старица обязательно', np.float64(0.030349427098123015))]"
ШашлыкоF,Negative,"Не рекомендую, т.к. очень-очень долго ждали заказ, даже есть перехотелось, посуда битая со сколами и трещинами, тарелки мокрые, еда подаётся чуть ли не граммами, заказали на 3 тысячи , а ушли голодные и недовольные... Испортили настроение только! Обслуживающий персонал - школьники!      ",рекомендовать очень очень долго ждать заказ перехотеться посуда бить скол трещина тарелка мокрый еда подаваться грамм заказывать тысяча уходить голодный недовольный испортить настроение обслуживающий персонал школьник,"[('персонал школьник', np.float64(0.015380821171891606)), ('ждать заказ', np.float64(0.02570861714399338)), ('заказ перехотеться', np.float64(0.02570861714399338)), ('перехотеться посуда', np.float64(0.02570861714399338)), ('посуда бить', np.float64(0.02570861714399338))]"
Булочки Канта,Positive,"Завтракал тут несколько дней подряд. Каша дня всегда была - овсяная. Очень вкусная, также вкусные омлет/яичница ну и сами булочки канта. Отдельное спасибо за вежливое и добродушное обслуживание.  Внутри кафе немного душно, но есть много мест на улице",завтракать несколько день подряд каша день овсяный очень вкусный также вкусный омлет яичница булочка кант отдельный спасибо вежливый добродушный обслуживание внутри кафе немного душно место улица,"[('место улица', np.float64(0.018916523137764214)), ('подряд каша', np.float64(0.03144240091948438)), ('омлет яичница', np.float64(0.03144240091948438)), ('яичница булочка', np.float64(0.03144240091948438)), ('булочка кант', np.float64(0.03144240091948438))]"
Хинкали-Gали!,Positive,"Все очень вкусно, быстро подали, хорошее обслуживание. Остались довольны.",очень вкусно быстро подавать хороший обслуживание оставаться довольный,"[('оставаться довольный', np.float64(0.04940384002065631)), ('вкусно быстро', np.float64(0.09700399286574239)), ('быстро подавать', np.float64(0.09700399286574239)), ('подавать хороший', np.float64(0.09700399286574239)), ('хороший обслуживание', np.float64(0.09700399286574239))]"
Гриль Шеф,Negative,"Не советую это заведение. Овощи не мыты и не свежие, была плесень и гниль на помидоре. Живот не скажет спасибо после посещения этого заведения",советовать заведение овощ мыть свежий плесень гниль помидор живот сказать спасибо посещение заведение,"[('советовать заведение', np.float64(0.029227395770283462)), ('овощ мыть', np.float64(0.03346752176983843)), ('мыть свежий', np.float64(0.03346752176983843)), ('свежий плесень', np.float64(0.03346752176983843)), ('плесень гниль', np.float64(0.03346752176983843))]"
Nalu Baloo,Positive,"Периодически хожу в это кафе на обед. Чистенько, уютно, вежливый персонал. Вкусная еда в паназиатском стиле. Люблю Том ям, поке, безумно вкусные ягодные чаи. Замечаний нет. Рекомендую!!!",периодически ходить кафе обед чистенько уютно вежливый персонал вкусный еда паназиатский стиль любить яма пока безумно вкусный ягодный чай замечание рекомендовать,"[('периодически ходить', np.float64(0.018818151346519908)), ('замечание рекомендовать', np.float64(0.018818151346519908)), ('ходить кафе', np.float64(0.031283437983838376)), ('кафе обед', np.float64(0.031283437983838376)), ('обед чистенько', np.float64(0.031283437983838376))]"
Бишкек Сити,Negative,Заказал Эда официантка принёс чай и лепёшка чайник без крышки оффигеть на санитарность,заказывать эда официантка приносить чай лепешка чайник крышка оффигеть санитарность,"[('заказывать эда', np.float64(0.04940384002065631)), ('оффигеть санитарность', np.float64(0.04940384002065631)), ('эда официантка', np.float64(0.09700399286574239)), ('официантка приносить', np.float64(0.09700399286574239)), ('приносить чай', np.float64(0.09700399286574239))]"
Хинкали-Gали!,Positive,"Место просто волшебное!   Удобное местоположение, вежливый персонал, а главное - недорогие и безумно вкусные хинкали! Если вы будете проходить мимо этого чудного заведения, то обязательно зайдите 😍",место просто волшебный удобный местоположение вежливый персонал главное недорогой безумно вкусный хинкали проходить мимо чудный заведение обязательно зайти,"[('обязательно зайти', np.float64(0.04940384002065631)), ('волшебный удобный', np.float64(0.09700399286574239)), ('удобный местоположение', np.float64(0.09700399286574239)), ('местоположение вежливый', np.float64(0.09700399286574239)), ('вежливый персонал', np.float64(0.09700399286574239))]"
Nicepricecafe,Negative,"Пришли по наводкам знакомых, все говорят одно: «вкусно и дёшево». Вкусы у всех разные, поэтому наша компания осталась недовольна. Само заведение выглядит приятно, но если вы любитель уединиться - то не заходите сюда)  Пройдемся по пунктам - а) дёшево. Это правда✅ все позиции стоят 200-250 рублей, зависит от времени. Есть исключения для больших блюд, таких как сэты и т.д. б) вкусно. К сожалению этот пункт можно вычеркивать. Чтобы описать качество и вкус продуктов достаточно закупиться продуктовой линейкой «Каждый День». Мы брали роллы, том ям, оливье, салаты и напитки. Вы спокойно можете сделать все эти блюда сами, потратив 250 рублей (или даже меньше), как говорилось ранее закупиться надо самыми дешевыми продуктами и тогда вы смело можете говорить, что были в данном заведении. Про напитки вообще отдельная история, алкогольная пина колада удивила нас своим необычным вкусом медицинского спирта, было максимально неприятно от одного лишь глотка. Смузи со смородиной и бананом лучшее после пина колады, вкус банана и смородины есть хоть и разбавлен водой, но это намного приятнее химозных напитков. Том ям был очень острым, хоть мы и часто его берем и знаем истинный вкус.  в) ОооЖжжиДаааНиЕее Знаете сколько мы ждали оливье? Да, ровно 50 минут. Вылавливали официантов каждые 10 минут и просили принести это чудо-блюдо, они отвечали хорошо и тут же исчезали. К другим позициям претензий - нет, мы ждали всего по 20-30 минут) Пара за соседним столиком позвала менеджера, потому что им показалось, что их блюда испорчены. Сказать больше нечего, спасибо за внимание! ",приходить наводка знакомый говорить вкусно дешево вкус разный поэтому наш компания оставаться недовольный заведение выглядеть приятно любитель уединяться заходить сюда проходиться пункт дешево правда весь позиция стоять рубль зависеть время исключение большой блюдо сэт вкусно сожаление пункт вычеркивать описывать качество вкус продукт достаточно закупиться продуктовый линейка каждый день брать ролл яма оливье салат напиток спокойно мочь сделать весь блюдо потратить рубль мало говориться ранее закупиться самый дешевый продукт смело мочь говорить данный заведение напиток вообще отдельный история алкогольный пина колад удивлять свой необычный вкус медицинский спирт максимально неприятно лишь глоток смузи смородина банан хороший пина колада вкус банан смородина разбавлять вода намного приятно химозный напиток яма очень острый часто брать знать истинный вкус ооожжжидаааниеее знать сколько ждать оливье ровно минута вылавливать официант каждый минута просить приносить чудо блюдо отвечать исчезать позиция претензия ждать минута пара соседний столик позвать менеджер показываться блюдо испортить сказать нечего спасибо внимание,"[('приходить наводка', np.float64(0.008967718507300847)), ('наводка знакомый', np.float64(0.011889366632300995)), ('разный поэтому', np.float64(0.011889366632300995)), ('компания оставаться', np.float64(0.011889366632300995)), ('оставаться недовольный', np.float64(0.011889366632300995))]"
Coffee Cake,Positive,"Прекрасное меню. Уютная атмосфера. Вежливый доброжелательный персонал. Все очень вкусно, быстро.  Яйцо пашот и бенедикт прекрасны.  Пришли по рекомендациям!  Теперь любимое место.",прекрасный меню уютный атмосфера вежливый доброжелательный персонал весь очень вкусно быстро яйцо пашот бенедикт прекрасный приходить рекомендация любимый место,"[('любимый место', np.float64(0.019140227991962366)), ('меню уютный', np.float64(0.03180378063984036)), ('уютный атмосфера', np.float64(0.03180378063984036)), ('атмосфера вежливый', np.float64(0.03180378063984036)), ('вежливый доброжелательный', np.float64(0.03180378063984036))]"
Маркус,Negative,"Выглядит так, что на полпути хочется развернуться. Облезлый кот трётся, надеюсь, в отсутствии посетителей не спит на столах. Была очень голодной, взяла датский хот-дог (110₽). Выглядит очень хорошо, по факту ужасно невкусно - отвратительный соус, отвратительная сосиска. После третьего укуса отправляется в помойку. ",выглядеть полпути хотеться развертываться облезлый кот тереться надеяться отсутствие посетитель спать стол очень голодный взять датский выглядеть очень факт ужасно невкусно отвратительный соус отвратительный сосиска третий укус отправляться помойка,"[('отправляться помойка', np.float64(0.019743941211743603)), ('полпути хотеться', np.float64(0.03277825745301808)), ('хотеться развертываться', np.float64(0.03277825745301808)), ('развертываться облезлый', np.float64(0.03277825745301808)), ('облезлый кот', np.float64(0.03277825745301808))]"
Шашлычная Марусино,Negative,"Заказали бизнес-ланч, 50 минут ждали, сказали ещё 5 минут. Попросили деньги назад, вернули. Нужно предупреждать заранее что так долго ждать. Наглецы!!! ",заказывать бизнес ланч минута ждать сказать минута попросить деньги назад вернуть нужно предупреждать заранее долго ждать наглеца,"[('заказывать бизнес', np.float64(0.021835427670083753)), ('ждать наглеца', np.float64(0.03200789768605077)), ('бизнес ланч', np.float64(0.036145734466354454)), ('попросить деньги', np.float64(0.036145734466354454)), ('предупреждать заранее', np.float64(0.036145734466354454))]"
Сим-Сим,Positive,"Обожаю подобные места, с виду очень невзрачное, неприметное и ""не туристическое"", но если если вы любите мясо, особенно блюда из баранины - тут ее умеют готовить! И используют правильное сырье. Поварам и хозяину - мое почтение...",обожать подобный место вид очень невзрачный неприметный туристический любить мясо особенно блюдо баранина уметь готовить использовать правильный сырье повар хозяин почтение,"[('обожать подобный', np.float64(0.04940384002065631)), ('хозяин почтение', np.float64(0.04940384002065631)), ('подобный место', np.float64(0.09700399286574239)), ('место вид', np.float64(0.09700399286574239)), ('невзрачный неприметный', np.float64(0.09700399286574239))]"
Закусочная,Positive,"Отличная закусочная. Часто забегаю туда пообедать, если нету время заехать домой. Готовят на отлично и выходит не дорого.  ",отличный закусочная часто забегать туда пообедать нету время заезжать домой готовить отлично выходить дорого,"[('отличный закусочная', np.float64(0.04940384002065631)), ('выходить дорого', np.float64(0.04940384002065631)), ('пообедать нету', np.float64(0.09700399286574239)), ('заезжать домой', np.float64(0.09700399286574239)), ('домой готовить', np.float64(0.09700399286574239))]"
Venice,Negative,"Место конечно приятное своей атмосферой, но не качеством блюд. Пришли в обед и заказали лосось в сливочном соусе. Соуса налили целую тарелку и была игра угадай где рыба) (кстати сухая) соус был приятным. Решили в этот же вечер сходить на ужин и попробовать «поке», так как это любимое блюдо. Рис был ледяным, огурцы и редис были нарезаны как отдельное блюдо размером с мою голову😂 соуса было недостаточно, так как тарелка была огромная и его тупо не хватило и поэтому все было сухое.  Заказали десерт с грушей. В меню была красная груша а на деле принесли синюю с чистым красителем. Мы все измазались, рот был синим,зубы тоже. Облепиховый чай пить было невозможно. Облепихи там и в помине нет, пару ягодок есть и все. Все остальное это листья чая пол чайника. Пока мы ждали чтобы он остыл, чай еще больше заварился и был настолько горький что пришлось выплюнуть все в тарелку (извините).  Вообщем больше не придем.",место приятный свой атмосфера качество блюдо приходить обед заказывать лосось сливочный соус соус наливать целый тарелка игра угадывать рыба кстати сухой соус приятный решать вечер сходить ужин попробовать пока любимый блюдо рис ледяной огурец редис нарезать отдельный блюдо размер голова соус недостаточно тарелка огромный тупо хватить поэтому сухой заказывать десерт груша меню красный груша дело приносить синий чистый краситель измазываться рот синий зуб облепиховый чай пить невозможно облепиха помин пара ягодка остальное лист чай пол чайник пока ждать остыть чай завариваться настолько горький приходиться выплюнуть весь тарелка извинять вообщий прийти,"[('вообщий прийти', np.float64(0.010279709429759474)), ('место приятный', np.float64(0.012976814304413544)), ('свой атмосфера', np.float64(0.014322396056843475)), ('атмосфера качество', np.float64(0.014322396056843475)), ('приходить обед', np.float64(0.014322396056843475))]"
Сакура,Negative,"Спасибо за испорченый вечер. Приехала в данное заведение с виду приличное всё красиво.  Но из-за того что проходило мероприятие, а именно день рождения(ребёнка) было ужасно шумно, ведущая очень громко ввела мероприятие. Вообще можно было сделать звук на микрофоне тише, а то после выхода голова болела ужасно Про еду средняя цены выше среднее за такую стоимость в других заведениях еда более лучшее качества. Но для кафе в посёлке сойдёт.  Ожидание блюда было 30-40 минут хоть были заказы мидии, роллы, и мясное блюдо (не шашлык)  Вообщем из-за неорганизованности кафе мы вышли с ужасным впечатление",спасибо испорченый вечер приезжать данный заведение вид приличный красивый проходить мероприятие именно день рождение ребенок ужасно шумно вести очень громко вводить мероприятие вообще сделать звук микрофон тихо выход голова болеть ужасно ехать средний цена высоко средний стоимость заведение еда хороший качество кафе поселок сходить ожидание блюдо минута заказ мидия ролл мясной блюдо шашлык вообщий неорганизованность кафе выходить ужасный впечатление,"[('ужасный впечатление', np.float64(0.020689315365021846)), ('испорченый вечер', np.float64(0.034301988728026464)), ('вечер приезжать', np.float64(0.034301988728026464)), ('приезжать данный', np.float64(0.034301988728026464)), ('вид приличный', np.float64(0.034301988728026464))]"
Макс,Positive,"Отличное место хорошие душевые .туалеты в холле бесплатные ! Не надо мелочь искать очень вкусный люля , большой выбор меню стоянка не маленькая . Ну и горы))",отличный место хороший душевой туалет холл бесплатный мелочь искать очень вкусный люля большой выбор меню стоянка маленький гора,"[('отличный место', np.float64(0.04940384002065631)), ('маленький гора', np.float64(0.04940384002065631)), ('место хороший', np.float64(0.09700399286574239)), ('хороший душевой', np.float64(0.09700399286574239)), ('душевой туалет', np.float64(0.09700399286574239))]"
Армянская шашлычная,Negative,"Когда только открылись делали хорошо, вкусно. Обслуживали вежливо. Сейчас испортилось буквально все и еда и отношение",открываться делать вкусно обслуживать вежливо испортиться буквально еда отношение,"[('открываться делать', np.float64(0.04940384002065631)), ('еда отношение', np.float64(0.04940384002065631)), ('делать вкусно', np.float64(0.09700399286574239)), ('вкусно обслуживать', np.float64(0.09700399286574239)), ('обслуживать вежливо', np.float64(0.09700399286574239))]"
Кавказский дворик,Positive,"Заехали на ланч и были в шоке! На сколько тут вкусно, приятный персонал, тихо, быстро. Мы в восторге! Девочкам спасибо большое , обязательно вернемся еще",заезжать ланч шок сколько вкусно приятный персонал тихо быстро восторг девочка спасибо большой обязательно вернуться,"[('заезжать ланч', np.float64(0.04940384002065631)), ('обязательно вернуться', np.float64(0.04940384002065631)), ('ланч шок', np.float64(0.09700399286574239)), ('вкусно приятный', np.float64(0.09700399286574239)), ('приятный персонал', np.float64(0.09700399286574239))]"
Имерети,Negative,"Полное разочарование, буквально пол года назад было вкусно, но сейчас грузинской кухней не напоминает! Персонал не адекватный, позвонила повар и кричала проклятия в наш адрес🤷🏻‍♀️ Мы просто сказали, что раньше было вкуснее! Хачапури в котором сыр не сыр, слоенное тесто как тонкая лепешка🤦🏻‍♀️ 700 рублей данный пирог не стоит 💯 ",полный разочарование буквально пол год назад вкусно грузинский кухня напоминать персонал адекватный позвонить повар кричать проклятие наш адрес просто сказать рано вкусный хачапури который сыр сыр слоить тесто тонкий лепешка рубль данный пирог стоять,"[('полный разочарование', np.float64(0.018297708337302515)), ('пирог стоять', np.float64(0.018297708337302515)), ('разочарование буквально', np.float64(0.030441917822202375)), ('буквально пол', np.float64(0.030441917822202375)), ('вкусно грузинский', np.float64(0.030441917822202375))]"
Комарик,Positive,"Одно из самых популярных мест в Черноголовке. Ценник средний, а вот подача, вкус блюд и обслуживание на высоте. Обязательно попробуйте суп пирата это очень вкусно ",самый популярный место черноголовка ценник средний подача вкус блюдо обслуживание высота обязательно попробовать суп пират очень вкусно,"[('самый популярный', np.float64(0.04940384002065631)), ('популярный место', np.float64(0.09700399286574239)), ('место черноголовка', np.float64(0.09700399286574239)), ('черноголовка ценник', np.float64(0.09700399286574239)), ('ценник средний', np.float64(0.09700399286574239))]"
Блин'ок,Positive,"Если решите вкусно поесть, вам сюда! Жаль что в последний день нашли это кафе. Единственное место где готовят вкусную окрошку , шашлык без хрящей, овощи гриль просто язык проглотить можно! Не ожидала! С виду такое не приметное место. Готовят вкуснее чем в более дорогих заведених Партенита. Доставили до отеля еду в течение часа, все было горячее и хорошо упаковано. Спасибо владельцам и поворам! Если будете в Партените, не совершайте ошибку как мы и не идите в кафе у автостации, сразу в Блинок! Мы обошли практически все кафе поселка , нашли всего лишь два с нормальной едой, Подсолнухи и Блинок. ",решать вкусно поесть сюда жаль последний день находить кафе единственный место готовить вкусный окрошка шашлык хрящ овощ гриль просто язык проглатывать ожидать вид приметный место готовить вкусный дорогой заведений партенит доставлять отель ехать течение час весь горячий упаковывать спасибо владелец поворы партенит совершать ошибка идти кафе автостация сразу блинок обходить практически весь кафе поселок находить лишь нормальный еда подсолнух блинок,"[('место готовить', np.float64(0.0075940469339677834)), ('готовить вкусный', np.float64(0.0075940469339677834)), ('решать вкусно', np.float64(0.013126581897870733)), ('вкусно поесть', np.float64(0.019610988136422713)), ('поесть сюда', np.float64(0.019610988136422713))]"
Гурманика,Negative,Когда открылись было нормальное обслуживание.  Сейчас постоянно что-то забывают принести.  ,открываться нормальный обслуживание постоянно забывать приносить,"[('открываться нормальный', np.float64(0.04940384002065631)), ('забывать приносить', np.float64(0.04940384002065631)), ('нормальный обслуживание', np.float64(0.09700399286574239)), ('обслуживание постоянно', np.float64(0.09700399286574239)), ('постоянно забывать', np.float64(0.09700399286574239))]"
Хай Юин,Positive,"Вкусно, достаточно быстро, большие порции, большой выбор блюд",вкусно достаточно быстро большой порция большой выбор блюдо,"[('вкусно достаточно', np.float64(0.021114872146320032)), ('выбор блюдо', np.float64(0.021114872146320032)), ('достаточно быстро', np.float64(0.034987023778306175)), ('быстро большой', np.float64(0.051351238837580325)), ('большой порция', np.float64(0.051351238837580325))]"
Блиндаж,Negative,"Хотели с семьей зайти в туалет, т.к ближайший не работал, нам было отказано. Не стал объяснять данной напитки-продавалке что данный отказ является грубым нарушением. Единственное место которое не понравилось в данном городе.",хотеть семья зайти туалет близкий работать отказывать становиться объяснять данный напиток продавалка данный отказ являться грубый нарушение единственный место который понравиться данный город,"[('семья зайти', np.float64(0.019153739833286342)), ('зайти туалет', np.float64(0.019153739833286342)), ('туалет близкий', np.float64(0.019153739833286342)), ('близкий работать', np.float64(0.019153739833286342)), ('работать отказывать', np.float64(0.019153739833286342))]"
Черные камни,Positive,"Очень понравилось!!!! Моментально попадаешь в эпоху 70-х гг.!! Это очень подкупает!! Кстати,рыбалка входит в стоимость большой беседки👍👍👍👍👍 Запланировали сделать Тимбилдинг большой компанией именно там!",очень понравиться моментально попадать эпоха очень подкупать кстати рыбалка входить стоимость большой беседка запланировать сделать тимбилдинг большой компания именно,"[('понравиться моментально', np.float64(0.032010824597880586)), ('моментально попадать', np.float64(0.032010824597880586)), ('попадать эпоха', np.float64(0.032010824597880586)), ('подкупать кстати', np.float64(0.032010824597880586)), ('кстати рыбалка', np.float64(0.032010824597880586))]"
Ёж&Устрица,Positive,"Самое главное, что тут всегда только свежие морепродукты! От чего и веус и качество восприятия совсем другое! На мой взгляд это лучшее место с морепродуктами на сегодняшний день!",самый главное свежий морепродукт веус качество восприятие взгляд хороший место морепродукт сегодняшний день,"[('самый главное', np.float64(0.019943439662486344)), ('главное свежий', np.float64(0.033100028790236186)), ('веус качество', np.float64(0.033100028790236186)), ('качество восприятие', np.float64(0.033100028790236186)), ('восприятие взгляд', np.float64(0.033100028790236186))]"
Мано а Мано,Positive,"Каждую неделю посещаем семьей это замечательное кафе. Все очень вкусно. На ДР делают скидку , мелочь , а приятно. Всегда доброжелательно и позитивно настроенный персонал. Спасибо большое за ваш труд. ",каждый неделя посещать семья замечательный кафе очень вкусно делать скидка мелочь приятно доброжелательно позитивно настроенный персонал спасибо большой ваш труд,"[('неделя посещать', np.float64(0.09700399286574239)), ('посещать семья', np.float64(0.09700399286574239)), ('семья замечательный', np.float64(0.09700399286574239)), ('замечательный кафе', np.float64(0.09700399286574239)), ('вкусно делать', np.float64(0.09700399286574239))]"
Изборский Страус,Positive,"Нам с семьей очень там понравилось, шикарная кухня развлечение для детей плюс можно поиграть в футбол, волейбол, есть батут. Единственное навигатор может повести другой дорогой с другой стороны фермы.",семья очень понравиться шикарный кухня развлечение ребенок плюс поиграть футбол волейбол батут единственный навигатор мочь повесть дорога сторона ферма,"[('сторона ферма', np.float64(0.04940384002065631)), ('понравиться шикарный', np.float64(0.09700399286574239)), ('шикарный кухня', np.float64(0.09700399286574239)), ('кухня развлечение', np.float64(0.09700399286574239)), ('развлечение ребенок', np.float64(0.09700399286574239))]"
McDuck,Negative,"Ужасное заведение, официантка невежлива, спрашиваешь по меню что то, говорит все на стенде. Ну а самое главное ужасно не вкусная еда, приехали покушать семьёй, заказали на приличную сумму, принесли подгоревшие стрипсы, тонкие, ужасные просто🤮мужу принесли бургер, булка подгоревшая, сам бургер холодный, пита была вкусная, начинки много, опять же холодная. Очень хотела покушать том ям, принесли, во первых ожидание было долгое очень всего заказа, во вторых рис оказался сырой(слеплен комками, внутри сырой), подошла вернуть, молча унесла, сижу жду что принесет новый или предложит вернуть деньги.  Очень долго ждали, подошла начала спрашивать, эта наглая персона, мне ответила что с том ямом было все в порядке, а рис надо было выловить и она бы принесла другой🤣как из супа выловить рис сырой? Еще хочу отметить что на весь том ям была одна 🍤 ужасное заведение,не рекомендую никому.",ужасный заведение официантка невежливый спрашивать меню говорить стенд самый главное ужасно вкусный еда приезжать покушать семья заказывать приличный сумма приносить подгорать стрипс тонкий ужасный просто муж приносить бургер булка подгорать бургер холодный пит вкусный начинка холодный очень хотеть покушать яма приносить первый ожидание долгий очень весь заказ второй рис оказываться сырой слеплять комок внутри сырой подходить вернуть молча уносить сидеть ждать приносить новый предлагать вернуть деньги очень долго ждать подходить начинать спрашивать наглый персона отвечать порядок рис вылавливать приносить суп вылавливать рис сырой хотеть отмечать весь яма ужасный заведение рекомендовать никто,"[('ужасный заведение', np.float64(0.007533626280608918)), ('рекомендовать никто', np.float64(0.009463681718899053)), ('заведение официантка', np.float64(0.012414138924526422)), ('заведение рекомендовать', np.float64(0.012414138924526422)), ('официантка невежливый', np.float64(0.012538905988192243))]"
Горный воздух,Negative,"Качество обслуживания ниже нуля. Официанта ждать приходится около получаса. Еду час. Счёт больше часа. Зачем там нужны официанты, если самому быстрее заказать! Может если меньше людей будет пользоваться услугами, хозяин как нибудь улучшить сервис?!",качество обслуживание ниже ноль официант ждать приходиться около получас ехать час счет час нужный официант быстро заказывать мочь мало человек пользоваться услуга хозяин улучшать сервис,"[('качество обслуживание', np.float64(0.020435055290363522)), ('улучшать сервис', np.float64(0.020435055290363522)), ('ждать приходиться', np.float64(0.033892441937102495)), ('получас ехать', np.float64(0.033892441937102495)), ('быстро заказывать', np.float64(0.033892441937102495))]"
Хуторок,Negative,"Добрый вечер. Часто посещаем Хуторок. В перый раз сегодня заехали на ул. Дружбы. Заказали салат Цезарь - о ужас!!! Листья обмазаные майонезом с гренками. На салат  Цезарь не похоже..  Заказали борщ. Принесли что-то очень соленое, перченое и на вкус вчерашнее (судя по виду разогревали несколько раз ). Не советую Хуторок на ул.Дружбы.",добрый вечер часто посещать хуторок перый сегодня заезжать дружба заказывать салат цезарь ужас лист обмазаный майонез гренка салат цезарь похоже заказывать борщ приносить очень соленый перченый вкус вчерашний судя вид разогревать несколько советовать хуторок дружба,"[('добрый вечер', np.float64(0.0220124645985116)), ('салат цезарь', np.float64(0.022237915707701485)), ('ужас лист', np.float64(0.03643019774734074)), ('лист обмазаный', np.float64(0.03643019774734074)), ('обмазаный майонез', np.float64(0.03643019774734074))]"
Сказка,Negative,"Я не знаю, что за люди, которые оставляют положительные отзывы…Воняет от этого места даже за пределами его забора перегаром, смешанным с запахом еды (невкусной), зашла туда минут на 30 покушать, но уже пропиталась вся этой вонью.  По списку:  1) ужасный запах 2) оформление внутри, как будто на рынке «столовка» 3) контингент, который любит хорошенько подбухнуть, иначе не могу это назвать  4) официантка странноватая, как будто и сама была подшофе 5) по еде от данного места многого ждать не пришлось. Салат цезарь с креветкой выглядел, будто его собрали из объедков, куриный шашлык сухой, и порция шашлыка была явно меньше заявленной 6) блюда с мангала жарят рядом с уличным туалетом, от которого также воняет ",знать человек который оставлять положительный отзыв вонять место предел забор перегар смешанный запах еда невкусный зайти туда минута покушать пропитаться весь вонь список ужасный запах оформление внутри рынок столовка контингент который любить хорошенько подбухнуть иначе мочь называть официантка странноватый подшофе еда данный место многое ждать приходиться салат цезарь креветка выглядеть собирать объедки куриный шашлык сухой порция шашлык явно мало заявлять блюдо мангал жарить рядом уличный туалет который также вонять,"[('оставлять положительный', np.float64(0.017633553871672758)), ('положительный отзыв', np.float64(0.017633553871672758)), ('предел забор', np.float64(0.017633553871672758)), ('забор перегар', np.float64(0.017633553871672758)), ('перегар смешанный', np.float64(0.017633553871672758))]"
Ёлки,Negative,"Не вкусно, не приветливый персонал, полная антисанитария. Берите лучше еду с собой!",вкусно приветливый персонал полный антисанитария брать ехать,"[('вкусно приветливый', np.float64(0.04940384002065631)), ('брать ехать', np.float64(0.04940384002065631)), ('приветливый персонал', np.float64(0.09700399286574239)), ('персонал полный', np.float64(0.09700399286574239)), ('полный антисанитария', np.float64(0.09700399286574239))]"
МацонИ,Negative,"'Шаурма-бомба' 250р. Самая сухая, самая маленькая за эти деньги. Один лаваш в составе. Не покупайте никогда.",шаурма бомба самый сухой самый маленький деньги лаваш состав покупать,"[('шаурма бомба', np.float64(0.020435055290363522)), ('состав покупать', np.float64(0.020435055290363522)), ('маленький деньги', np.float64(0.033892441937102495)), ('деньги лаваш', np.float64(0.033892441937102495)), ('лаваш состав', np.float64(0.033892441937102495))]"
Пахлава,Negative,"Хотели забронировать столик позвонив по телефону.Нам ответили ,что сегодня столики не бронируют до 16-00.После 16-00 звоните.Сказали если приедем без брони.Ответ. Мест нет.Очень хотелось поесть давно полюбившееся блюдо в ресторане ,который по душе.И приехали на удачу.Столики пустые .ответ мест нет.Все в брони ,которую на минуточку по телефону не принимали.ОТказано.заказали блюда на вынос с собой. И пока ожидали заказ за дверями .столики так и были пусты. Вывод для себя в Ресторан ПАХЛАВА для меня больше не существуют уровень низковат. ",хотеть забронировать столик позвонить телефон отвечать сегодня столик бронировать звонить сказать приезжать броня ответ место очень хотеться поесть давно полюбиться блюдо ресторан который душа приезжать удача столик пустой ответ место броня который минуточка телефон принимать отказывать заказывать блюдо вынос пока ожидать заказ дверь столик пустой вывод ресторан пахлава существовать уровень низковатый,"[('ответ место', np.float64(0.008002264847741122)), ('уровень низковатый', np.float64(0.011108427911342204)), ('столик пустой', np.float64(0.012276718838540182)), ('бронировать звонить', np.float64(0.01545930197242883)), ('хотеться поесть', np.float64(0.01545930197242883))]"
Queen,Negative,"Когда это место только открылось, все было хорошо, но в последнее время не очень. Зимой был такой случай, что я и еще один человек ждали своего друга внизу у лестницы, чтобы вместе посидеть в этом заведении. Спускается к нам официантка с телефоном в руке (с кем-то разговаривая) и спрашивает, что мы здесь делаем и есть ли нам 18 лет? Мы отвечаем, что ждем своего друга и что нам 22 года. Мне стало интересно и я спросила у нее ""А при чем здесь есть ли нам 18 лет? К чему этот вопрос?"". Она ничего не ответила и ушла. Я подумала, может комендантский час, посмотрела на время, а время 19 часов. И алкоголя, никаких напитков у нас не было. Странная... Недавно пришла сюда на бизнес ланч, часто хожу пообедать. Сделала заказ, зашла в отдельную зону в кафе, а не в основную. В итоге официантка подходит ко мне и с наездом говорит: ""А почему вы мне не сказали, что вы сели сюда? Я вас везде ищу и думаю, куда она делась"". Я ей отвечаю спокойно, что я зашла сюда при вас, вы должны были увидеть. Я просто не понимаю, это что я должна волноваться и предупреждать, за каким столом я сяду, у вас что 3 этажный ресторан? 🤡  У меня еще ни разу не было такого, чтобы официантка такое требовала. Больше не хочу ходить в это заведение.",место открываться весь последний время очень зима случай человек ждать свой друг внизу лестница вместе посидеть заведение спускаться официантка телефон рука разговаривать спрашивать делать год отвечать ждать свой друг год становиться интересный спрашивать год вопрос ничто отвечать уходить подумать мочь комендантский час посмотреть время время час алкоголь никакой напиток странный недавно приходить сюда бизнес ланч часто ходить пообедать сделать заказ зайти отдельный зона кафе основной итог официантка подходить наезд говорить почему сказать садиться сюда везде искать думать деваться отвечать спокойно зайти сюда должный увидеть просто понимать должный волноваться предупреждать стол садиться этажный ресторан официантка требовать хотеть ходить заведение,"[('ждать свой', np.float64(0.008382187297534807)), ('свой друг', np.float64(0.008382187297534807)), ('место открываться', np.float64(0.014053821338138822)), ('зима случай', np.float64(0.020968200739930422)), ('лестница вместе', np.float64(0.020968200739930422))]"
Кинза,Positive,Завтраки здесь просто шикарные! Спасибо официанту Анастасии за безупречное обслуживание!,завтрак просто шикарный спасибо официант анастасия безупречный обслуживание,"[('безупречный обслуживание', np.float64(0.04940384002065631)), ('официант анастасия', np.float64(0.09700399286574239)), ('анастасия безупречный', np.float64(0.09700399286574239)), ('завтрак', np.float64(0.15831692877998726)), ('обслуживание', np.float64(0.15831692877998726))]"
Шау-вау!,Negative,"Самая ужаснейшая шаурма которую я пробывал за последний год, касирша  стоит с кислой миной...Шаурмист который видимо глух и нем не сделал острую шаурму как его просили!моя оценка 0.Примичание: Мясо ужасного качества.",самый ужасный шаурма который пробывать последний год касирша стоять кислый мина шаурмист который видимо глухой немой сделать острый шаурма просить оценка примичание мясо ужасный качество,"[('самый ужасный', np.float64(0.029227395770283462)), ('ужасный качество', np.float64(0.029227395770283462)), ('пробывать последний', np.float64(0.03346752176983843)), ('касирша стоять', np.float64(0.03346752176983843)), ('стоять кислый', np.float64(0.03346752176983843))]"
Muk,Negative,Постоянные перерывы. Невозможно ничего купить. Делают очень долго. Бариста хамила и ничего не хотела рассказывать о напитках.,постоянный перерыв невозможно ничто купить делать очень долго барист хамить ничто хотеть рассказывать напиток,"[('постоянный перерыв', np.float64(0.020171377334626643)), ('рассказывать напиток', np.float64(0.020171377334626643)), ('перерыв невозможно', np.float64(0.03346752176983843)), ('купить делать', np.float64(0.03346752176983843)), ('барист хамить', np.float64(0.03346752176983843))]"
Best mangal,Positive,"Доставка быстро, шашлык соответствует своей цене (вкусно) только проблема найти номер чтобы заказать по телефону, а так всë вкусно и быстро, заказали 6 видов шашлыка на 1800 рублей",доставка быстро шашлык соответствовать свой цена вкусно проблема находить номер заказывать телефон вкусно быстро заказывать вид шашлык рубль,"[('доставка быстро', np.float64(0.034591134863814)), ('шашлык рубль', np.float64(0.034591134863814)), ('соответствовать свой', np.float64(0.038584678130008584)), ('свой цена', np.float64(0.038584678130008584)), ('проблема находить', np.float64(0.038584678130008584))]"
Кафе 777,Positive,"Попал сюда в будний день на бизнес ланч. Очень достойно! Вкусно и недорого, пообедал  отлично и раза в 2 дешевле, чем в Москве.  Кафе чистое, внутри уютно, еда вкусная. В следующий приезд обязательно зайду снова. ",попадать сюда будний день бизнес ланч очень достойно вкусно недорого пообедать отлично дешевый москва кафе чистый внутри уютно еда вкусный следующий приезд обязательно зайти снова,"[('попадать сюда', np.float64(0.04940384002065631)), ('сюда будний', np.float64(0.09700399286574239)), ('бизнес ланч', np.float64(0.09700399286574239)), ('достойно вкусно', np.float64(0.09700399286574239)), ('вкусно недорого', np.float64(0.09700399286574239))]"
Донер-клаб,Negative,"Может когда-то тут и было вкусно (судя по отзывам), но сейчас это просто кошмар. На кухне полная антисанитария, после оформления заказа заметил, что ве́ртел выключен, а мясо достают из-под прилавка. Само по себе оно отвратительного качества. Выкинул в мусорку, решил поберечь здоровье",вкусно судя отзыв просто кошмар кухня полный антисанитария оформление заказ замечать вертеть выключать мясо доставать прилавок оно отвратительный качество выкидывать мусорка решать поберечь здоровье,"[('вкусно судя', np.float64(0.04940384002065631)), ('поберечь здоровье', np.float64(0.04940384002065631)), ('судя отзыв', np.float64(0.09700399286574239)), ('кошмар кухня', np.float64(0.09700399286574239)), ('кухня полный', np.float64(0.09700399286574239))]"
Китайка27.рф,Positive,"Всё очень вкусно, особенно говядина в соевом соусе и мясо по сичуански. Повар настоящий китаец. Привезли всё вовремя👍👍👍",очень вкусно особенно говядина соевый соус мясо сичуански повар настоящий китаец привозить весь вовремя,"[('говядина соевый', np.float64(0.09700399286574239)), ('соевый соус', np.float64(0.09700399286574239)), ('соус мясо', np.float64(0.09700399286574239)), ('мясо сичуански', np.float64(0.09700399286574239)), ('сичуански повар', np.float64(0.09700399286574239))]"
